<beans xmlns="http://www.springframework.org/schema/beans"
       xmlns:xsi="http://www.w3.org/2001/XMLSchema-instance"
       xmlns:context="http://www.springframework.org/schema/context"
       xsi:schemaLocation="
http://www.springframework.org/schema/beans 
http://www.springframework.org/schema/beans/spring-beans-2.5.xsd
http://www.springframework.org/schema/context 
http://www.springframework.org/schema/context/spring-context-2.5.xsd">

    <bean id="jaxrsContext" class="org.grails.jaxrs.web.JaxrsContext" />

    <!--
        Find out why Jersey complains when scope="singleton" is 
        not explicitly set. Seems that there's an interop issue
        with Jersey and Spring 3.0.
     -->

    <bean scope="singleton" class="org.grails.jaxrs.provider.JSONWriter" />
    <bean scope="singleton" class="org.grails.jaxrs.provider.JSONReader">
        <property name="grailsApplication" ref="grailsApplication" />
    </bean>
    <bean scope="singleton" class="org.grails.jaxrs.provider.DomainObjectWriter">
        <property name="grailsApplication" ref="grailsApplication" />
    </bean>
    <bean scope="singleton" class="org.grails.jaxrs.provider.DomainObjectReader">
        <property name="grailsApplication" ref="grailsApplication" />
    </bean>

</beans>